Model,LMS,SS,ICAT,Overall_Bias
Bing,0.5790294770191959,0.4209705229808042,-0.15805895403839174,0.21854421552879383
ChatGPT,0.5761364983968825,0.4238635016031175,-0.15227299679376505,0.2142047475953238
ChatGPT-4,0.5751569887934239,0.4248430112065762,-0.1503139775868477,0.2127354831901358
Claude,0.5784988824147235,0.4215011175852766,-0.15699776482944686,0.21774832362208513
Falcon,0.5781520681738586,0.4218479318261414,-0.15630413634771714,0.21722810226078787
Llama-2,0.5776400820921808,0.42235991790781924,-0.15528016418436147,0.2164601231382711
